id	percentage
16001	80.50
19001	44.00
21001	43.70
29001	58.80
8001	61.00
19003	43.20
16003	69.60
17001	47.20
18001	51.00
28001	12.60
31001	61.60
12001	48.80
6001	45.80
8003	63.00
36001	52.50
26001	47.90
28003	26.40
17003	33.80
26003	60.00
19005	49.30
26005	60.30
24001	44.70
36003	59.50
18003	52.20
21003	47.40
26007	54.10
6003	53.50
6005	46.50
28005	9.30
21005	52.40
29003	58.40
24003	38.40
31003	46.00
26009	62.10
4001	28.80
19007	45.30
13001	21.90
8005	53.00
8007	64.20
26011	51.40
5001	15.20
31005	75.00
5003	33.80
29005	54.60
13003	19.40
34001	38.20
28007	11.30
29007	48.20
19009	37.50
1001	18.20
8009	29.80
13005	32.80
12003	47.40
13007	13.50
1003	32.90
13009	19.90
21007	52.00
24510	31.20
24005	37.00
13011	48.10
31007	42.90
16005	79.70
26013	55.50
1005	7.80
25001	51.60
21009	49.90
13013	37.20
26015	62.80
29009	47.00
18005	53.40
29011	50.20
13015	39.70
29013	53.10
21011	46.60
5005	36.20
12005	41.70
26017	49.30
16007	67.60
30001	55.00
33001	63.19
21013	45.60
13017	18.40
16009	69.00
8011	44.40
5007	44.90
19011	44.00
18007	55.30
29015	45.20
28009	14.20
26019	64.80
34003	38.20
35001	50.90
13019	30.00
26021	47.10
1007	19.70
13021	16.80
30003	51.50
16011	76.40
19013	52.90
18009	51.00
16013	68.30
30005	54.40
31009	55.60
13023	20.60
1009	38.60
16015	67.90
28011	13.90
29017	45.10
17005	53.40
16017	79.30
16019	79.10
5009	38.50
19015	55.00
17007	58.30
18011	55.20
21015	44.10
29019	60.60
31011	38.60
8013	63.60
16021	84.00
21017	45.60
31013	62.50
21019	46.10
31015	43.50
21021	43.90
21023	54.90
12007	41.80
5011	14.90
26023	53.60
13025	44.10
21025	51.80
21027	45.80
19017	45.30
12009	37.70
30007	52.00
36005	30.00
13027	21.50
36007	56.60
8014	63.20
12011	26.40
17009	48.00
18013	61.20
31017	53.80
13029	35.50
19019	47.50
29021	53.70
19021	48.60
31019	69.20
21029	49.10
13031	38.80
1011	6.60
17011	54.20
13033	9.90
34005	38.00
31021	43.80
1013	6.50
19023	58.30
21031	42.10
29023	45.40
31023	52.80
6007	58.90
16023	76.90
13035	16.90
6009	46.70
21033	52.10
29025	55.60
1015	21.80
5013	34.00
12013	45.20
13037	10.90
19025	50.00
17013	50.70
26025	51.50
28013	13.60
29027	54.20
21035	55.00
24009	36.10
16025	57.90
13039	32.60
29029	49.90
34007	37.60
21037	47.50
13043	19.90
16027	81.80
29031	52.40
34009	45.00
30009	50.80
16029	70.00
21039	57.50
24011	41.20
5015	0.00
13045	37.60
19027	37.00
17015	50.00
18015	56.10
21041	49.40
24013	47.50
29033	50.70
28015	8.90
33003	63.65
32510	51.20
21043	51.40
29035	50.00
30011	55.30
30013	40.20
21045	44.00
19029	38.00
17017	50.20
18017	59.30
26027	49.10
29037	52.10
31025	53.40
16031	61.30
13047	48.10
35003	61.40
36009	57.90
36011	52.70
24015	45.20
19031	55.70
29039	51.10
31027	53.50
19033	50.40
8015	65.20
1017	9.50
17019	65.90
29041	44.50
24017	28.20
26029	60.90
12015	35.40
13049	22.50
31029	38.50
13051	27.20
13053	17.90
13055	34.00
36013	54.00
35005	43.40
26031	55.60
36015	50.40
36017	60.90
1019	24.90
13057	47.60
19035	54.60
31031	35.50
33005	70.71
8017	40.00
31033	61.10
19037	38.90
28017	15.60
5017	14.60
1021	24.60
26033	58.00
1023	12.40
28019	15.10
30015	37.70
17021	51.20
21047	39.90
29043	58.40
32001	50.00
35006	48.50
12017	39.20
28021	9.00
26035	52.00
5019	22.50
16033	100.00
17023	53.00
18019	46.10
21049	47.50
29045	45.30
32003	45.10
1025	6.30
13059	49.00
19039	42.00
28023	12.50
1027	13.70
5021	35.50
12019	39.50
13061	12.70
19041	50.60
17025	52.10
18021	53.00
21051	41.60
29047	53.70
28025	12.70
31035	74.50
13063	18.00
19043	51.00
8019	55.30
16035	58.20
1029	23.80
5023	28.60
5025	24.70
13065	18.10
19045	51.40
17027	57.50
18023	59.10
21053	35.60
26037	55.80
29049	51.40
36019	73.50
28027	15.80
13067	36.20
4003	39.70
4005	53.40
1031	20.10
13069	21.70
1033	22.50
29051	53.50
17029	59.00
31037	40.00
35007	43.80
12021	31.90
13071	22.20
5027	22.40
12023	38.60
13073	32.50
36021	57.10
6011	45.80
1035	19.10
8021	40.00
6013	39.90
5029	29.70
13075	22.50
29053	48.60
33007	64.37
1037	10.80
28029	10.70
36023	57.30
8023	20.40
1039	19.70
28031	10.70
13077	32.70
5031	33.60
5033	34.50
13079	19.30
19047	41.70
17033	47.90
18025	47.40
26039	54.10
29055	56.20
1041	10.30
13081	18.90
5035	16.30
21055	51.00
5037	21.70
8025	50.00
1043	34.50
17035	56.30
21057	50.00
23005	55.60
34011	35.80
31039	43.30
35009	53.30
8027	57.00
16037	72.10
30017	41.00
31041	64.90
13083	48.00
29057	51.00
31043	56.60
1045	20.70
1047	15.40
5039	29.60
19049	41.70
29059	55.70
30019	34.60
18027	56.50
21059	46.60
29061	47.10
19051	42.00
31045	68.60
13085	45.50
30021	47.00
31047	68.80
1049	32.30
13089	28.30
17037	66.50
18033	52.70
29063	57.80
12027	38.70
28033	26.30
18029	47.30
13087	20.00
19053	47.20
18031	53.70
30023	40.80
6015	55.40
19055	43.00
18035	55.70
36025	60.90
8029	69.60
26041	52.40
29065	55.60
8031	54.40
19057	53.30
5041	23.00
31049	60.00
19059	51.20
26043	51.50
12029	45.10
31051	54.10
13091	19.40
31053	47.40
8033	62.90
13093	10.90
24019	31.80
13095	13.80
8035	49.70
13097	25.00
17041	56.20
29067	58.10
31055	54.00
32005	45.90
5043	25.70
17043	52.30
18037	49.90
19061	47.40
31057	6.70
29069	37.70
36027	51.50
12031	30.60
8037	63.70
13099	10.10
26045	55.60
13101	51.40
35015	46.10
17045	49.70
21061	47.10
17047	49.80
13103	33.90
17049	58.00
6017	47.20
8041	61.10
8039	61.30
13105	24.00
18039	59.20
32007	55.80
21063	52.60
1051	18.40
16039	66.40
13107	15.90
19063	44.00
26047	64.10
36029	49.60
1053	9.90
12033	34.60
32009	68.20
25009	54.60
34013	26.80
36031	73.20
21065	47.00
1055	22.60
32011	86.40
13109	19.20
9001	39.90
30025	36.20
13111	39.10
5045	39.80
1057	17.20
13113	28.60
19065	46.90
17051	49.90
18041	52.70
21067	45.00
30027	43.60
31059	50.00
12035	31.90
30029	55.50
21069	52.30
13115	34.20
19067	43.30
18043	47.30
21071	54.10
17053	59.40
28035	26.10
13117	45.70
18045	52.80
1059	30.10
5047	29.60
12037	45.70
13119	36.20
19069	42.20
16041	58.10
17055	53.90
18047	45.30
21073	46.60
25011	49.90
23007	66.70
29071	55.40
28037	14.40
31061	45.00
36033	70.90
24021	43.60
8043	57.10
19071	50.00
16043	82.80
6019	39.20
31063	35.70
5049	37.40
13121	28.70
17057	53.30
18049	53.50
21075	36.20
36035	61.10
31065	52.00
12039	20.00
31067	45.70
17059	50.40
21077	51.60
30031	57.00
31069	61.90
8045	61.50
30033	50.00
31071	0.00
5051	30.10
21079	45.00
24023	47.10
29073	55.30
16045	70.40
26049	46.50
36037	54.90
1061	21.60
29075	49.40
28039	25.20
18051	49.50
4007	35.20
12041	50.70
13123	45.70
8047	69.80
30035	50.00
12043	40.30
26051	50.90
13125	31.10
6021	48.80
34015	43.80
13127	30.60
26053	52.30
30037	41.40
16047	63.60
13129	41.00
31073	58.60
13131	22.30
33009	67.33
4009	44.60
26055	64.90
8049	63.80
30039	58.70
5053	28.80
18053	50.30
21081	49.20
31075	0.00
35017	49.90
26057	60.30
21083	51.30
21085	44.60
31077	45.00
21087	51.20
1063	7.10
5055	31.00
13133	13.50
19073	46.10
17061	49.40
18055	57.40
29077	61.10
28041	13.70
36039	57.90
4011	35.70
21089	47.70
28043	12.90
19075	51.80
17063	59.60
29079	53.40
35019	45.30
12045	43.40
8051	76.30
19077	45.00
13135	33.40
13137	47.30
1065	14.00
13139	38.90
31079	55.30
12047	34.60
19079	41.10
17065	49.70
18057	54.20
31081	65.70
36041	63.10
25013	52.70
13141	11.40
19081	38.80
17067	40.70
18059	59.20
21091	49.70
23009	60.00
28045	36.80
13143	41.50
12049	39.10
19083	42.30
17069	55.40
21093	46.20
35021	38.00
24025	41.60
21095	62.80
31083	48.00
13145	24.50
19085	54.70
18061	46.30
21097	49.50
29081	50.00
28047	25.00
13147	27.00
21099	51.60
9003	29.50
15001	77.30
31085	0.00
13149	28.20
5057	16.60
17071	45.50
21101	42.90
18063	58.60
12051	33.90
1067	11.90
13151	21.90
19087	50.00
17073	48.40
18065	54.50
21103	49.80
29083	46.10
36043	56.00
12053	37.00
21105	46.60
29085	44.10
35023	38.50
12055	34.00
30041	46.40
12057	35.10
33011	57.90
26059	56.70
28049	15.30
8053	71.40
31087	40.00
12059	51.70
28051	6.50
29087	44.90
31089	44.40
15003	63.00
31091	57.10
21107	52.20
5059	29.70
26061	64.00
1069	20.10
13153	23.60
5061	18.50
19089	53.90
18067	51.40
24027	36.60
29089	48.20
31093	41.10
29091	58.40
34017	33.50
8055	58.40
6023	68.00
19091	44.50
32013	66.30
28053	4.40
34019	48.40
18069	59.50
26063	51.90
19093	46.70
6025	31.80
5063	31.70
12061	35.50
26065	54.70
6027	54.70
26067	64.10
26069	51.40
19095	49.00
26071	50.00
29093	53.50
17075	60.60
13155	18.10
26073	65.70
28055	10.10
28057	27.70
5065	30.10
1071	26.90
5067	23.40
8057	44.40
12063	35.50
13157	37.50
19097	46.00
17077	61.90
18071	48.50
21109	59.00
26075	55.00
29095	46.40
28059	22.90
13159	17.10
19099	45.00
17079	53.60
18073	59.20
29097	62.00
28061	9.20
18075	50.40
13161	20.30
1073	17.40
5069	16.80
8059	59.80
12065	29.50
13163	11.00
19101	72.70
16051	80.80
17081	49.90
18077	47.10
21111	40.30
29099	54.30
28063	10.10
30043	50.10
31095	58.60
36045	50.90
13165	15.20
18079	52.40
16053	77.00
17083	54.50
21113	49.80
5071	34.20
13167	14.00
19103	59.50
17087	52.50
18081	59.80
21115	55.50
29101	56.20
31097	54.70
13169	18.80
19105	53.40
28067	15.90
30045	44.80
26077	60.60
26079	62.30
17089	56.20
17091	53.60
15007	77.10
31099	51.40
31101	48.10
28069	9.40
17093	58.40
10001	39.90
24029	38.40
26081	62.50
21117	46.50
19107	35.00
6029	40.40
26083	58.40
31103	55.60
31105	65.20
6031	38.50
8061	18.20
8063	59.30
21119	58.80
17095	52.10
18083	50.50
21121	46.40
23013	100.00
29103	39.80
31107	39.00
16055	75.90
18085	60.70
19109	36.00
4012	43.30
8067	64.10
29105	54.80
18087	52.60
18091	54.10
21123	51.60
17099	55.60
5073	24.80
12067	50.90
29107	52.20
28071	35.00
6033	52.10
8065	73.00
12069	33.80
17097	47.00
18089	43.30
26085	47.00
30047	53.00
1075	24.10
13171	19.10
28073	27.00
31109	61.70
32015	69.60
13173	22.50
26087	56.50
8069	67.20
8071	51.20
6035	50.80
16057	83.90
1077	30.90
28075	15.60
21125	45.90
13175	16.20
1079	16.20
5075	38.60
17101	48.30
18093	60.80
21127	52.40
29109	53.50
28077	13.70
35025	48.00
28079	13.80
1081	25.40
5077	7.90
12071	35.00
13177	24.60
19111	45.30
17103	59.80
21129	48.30
28081	22.50
26089	61.00
28083	9.50
16059	75.50
26091	53.90
12073	41.10
21131	52.70
21133	56.90
12075	43.10
30049	48.10
16061	47.50
21135	37.00
29111	48.30
36049	59.10
12077	47.10
13179	19.40
30051	45.40
1083	25.50
5079	19.20
8073	33.30
13181	14.60
16063	56.40
21137	45.50
23015	55.60
29113	54.60
28085	14.50
30053	53.50
31111	52.50
35027	50.60
32017	39.70
19113	52.30
29115	47.30
9005	53.80
5081	32.50
17105	55.50
21139	52.40
26093	59.40
29117	48.60
36051	59.90
5083	28.20
8075	46.70
17107	56.40
21141	46.00
31113	33.30
13183	29.10
5085	32.10
35028	49.60
6037	42.00
19115	42.00
31115	54.50
1085	7.70
13185	31.30
28087	17.30
19117	40.00
26095	61.80
13187	48.10
35029	43.80
19119	56.80
21143	45.70
32019	52.40
26097	55.50
26099	47.40
1087	10.00
13193	9.70
17115	45.20
29121	52.40
17117	55.00
6039	41.70
1089	30.10
5087	41.40
12079	30.00
13195	42.90
19121	46.70
16065	81.80
17119	54.50
18095	51.90
21151	53.00
29123	47.60
28089	16.10
30057	51.60
31119	60.80
36053	55.50
21153	52.30
19123	43.80
12081	35.10
26101	58.20
1091	20.00
4013	39.80
29125	47.90
6041	42.00
1093	29.60
5089	41.50
12083	34.10
13197	21.20
19125	48.00
17121	49.80
18097	49.60
21155	42.60
29127	41.80
28091	11.50
6043	51.20
26103	61.70
1095	34.10
19127	53.40
17123	50.50
18099	58.70
21157	50.80
28093	10.20
12085	37.60
18101	54.40
21159	57.40
17125	48.90
21161	47.00
26105	57.70
17127	46.90
15009	78.50
30055	47.20
21145	46.50
21147	50.40
29119	50.30
17109	57.80
13189	14.80
17111	61.10
13191	14.60
35031	40.90
17113	62.40
21149	50.10
31117	25.00
21163	49.20
30059	46.30
26107	58.60
17129	54.70
6045	62.90
21165	46.50
26109	47.00
6047	41.30
17131	46.60
21167	52.60
29129	47.40
34021	33.80
13199	13.80
31121	41.70
33013	59.69
8077	57.30
21169	47.90
18103	57.80
12086	24.30
34023	38.90
26111	58.70
5091	20.80
13201	18.00
29131	51.70
19129	48.90
8079	59.50
30061	53.40
32021	46.60
16067	65.40
26113	57.70
5093	13.90
29133	28.90
30063	60.40
13205	13.00
19131	33.80
1097	16.20
6049	50.70
8081	56.00
4015	38.50
29135	53.70
34025	41.80
6051	54.60
19133	38.80
1099	7.60
5095	29.60
12087	42.80
13207	19.20
19135	44.60
17133	54.60
18105	65.30
21171	44.00
26115	48.10
29137	45.70
28095	13.80
36055	48.20
26117	60.50
6053	42.50
8083	67.30
1101	12.80
5097	29.60
13209	19.60
19137	64.00
17135	49.30
18107	57.50
21173	47.00
24031	31.10
29139	48.50
28097	10.20
36057	57.90
26119	47.60
8085	54.90
35033	37.90
1103	25.20
8087	55.40
13211	22.10
17137	57.50
18109	57.40
21175	57.30
29141	47.10
31123	58.10
34027	41.60
17139	54.00
21177	45.70
13213	46.90
19139	54.00
13215	20.50
26121	53.70
30065	51.60
31125	44.00
25019	51.40
6055	39.00
12089	39.80
36059	37.40
4017	35.40
21179	46.60
31127	52.70
28099	20.90
5099	28.00
6057	59.80
10003	39.70
9009	41.70
9011	52.90
29143	33.50
26123	60.70
5101	51.60
13217	21.50
18111	54.60
29145	55.00
28101	15.20
16069	70.70
36063	53.70
21181	50.20
18113	52.90
29147	56.10
25021	55.30
28103	8.70
31129	51.40
32023	40.60
19141	47.30
26125	46.80
34029	45.40
26127	59.80
13219	47.10
26129	49.70
17141	59.20
13221	38.60
18115	41.80
21183	50.00
12091	43.10
12093	37.60
28105	23.50
21185	44.40
16071	54.50
36065	54.60
36067	47.00
36069	53.80
26131	49.10
6059	44.50
12095	35.10
18117	52.30
36071	48.50
29149	45.00
36073	57.40
29151	49.50
12097	30.00
19143	38.40
26133	57.40
26135	51.80
36075	55.80
8089	54.30
35035	47.30
31131	57.80
26137	59.30
36077	59.10
26139	64.20
5103	18.80
8091	64.50
18119	62.60
21187	55.00
21189	51.10
16073	64.50
23017	66.70
29153	56.80
19145	50.60
12099	27.20
19147	46.60
28107	13.40
8093	66.20
30067	60.70
18121	57.90
12101	38.90
34031	32.30
13223	33.80
31133	27.50
16075	66.40
13225	15.80
28109	26.20
29155	28.80
21191	51.50
23019	80.00
17143	47.40
31135	23.80
1105	12.40
5105	34.90
17145	51.00
18123	45.10
21193	59.60
29157	49.40
28111	15.90
32027	49.30
30069	47.10
29159	53.50
29161	58.90
31137	56.00
5107	18.30
8095	56.30
30071	51.40
17147	55.50
1107	14.80
13227	45.60
13229	31.80
31139	66.70
1109	14.50
5109	29.90
13231	30.70
17149	46.30
18125	54.30
21195	54.30
29163	41.00
28113	12.80
4019	40.90
4021	34.40
12103	37.60
8097	54.70
6061	42.00
29165	52.10
31141	45.80
6063	53.70
19149	44.60
25023	52.90
19151	30.00
5111	23.00
5113	42.40
12105	33.30
13233	29.30
19153	46.20
29167	52.70
31143	46.60
30073	45.50
28115	26.30
5115	40.00
17151	60.10
18127	58.50
18129	55.20
19155	50.80
30075	58.60
21197	50.70
30077	51.20
16077	70.30
19157	52.80
5117	35.70
30079	44.90
28117	26.20
26141	48.80
24033	24.20
8099	31.00
8101	46.70
5119	22.90
13235	13.70
17153	34.60
18131	57.40
21199	46.60
29169	52.80
12107	42.70
13237	19.00
17155	52.00
18133	55.00
29171	49.50
36079	50.70
35037	48.50
24035	40.30
36081	38.40
13239	7.10
28119	12.30
13241	44.40
29173	40.90
1111	18.70
5121	33.30
13243	9.20
17157	52.80
18135	55.70
29175	52.00
28121	22.30
30081	52.00
29177	49.50
31145	64.80
36083	58.40
29179	46.70
31147	43.80
17159	53.60
30083	39.70
13245	18.00
19159	33.70
35039	39.80
8103	69.20
8105	54.60
18137	50.60
29181	47.30
6065	39.00
21201	59.60
17161	47.10
31149	70.00
21203	48.80
13247	21.80
33015	57.65
30085	52.10
35041	58.20
26143	48.30
30087	54.70
8107	63.00
21205	51.20
18139	57.40
1113	16.40
21207	46.70
19161	45.00
6067	42.10
26145	43.00
8109	81.10
34033	43.50
5125	31.10
17165	50.70
29195	45.50
31151	44.90
6069	41.00
6071	41.50
6073	44.10
6075	43.90
6077	38.80
8111	71.10
35045	47.50
6079	48.60
6081	38.60
8113	78.30
35047	40.60
30089	55.80
35043	48.30
17167	52.60
26151	53.80
6083	49.00
6085	38.80
4023	31.80
6087	55.30
35049	49.40
12113	45.00
12115	37.30
31153	59.60
31155	63.50
13249	14.30
26153	50.60
17169	43.30
29197	47.20
29199	54.70
5127	31.40
19163	50.50
17171	50.00
18143	44.80
21209	46.40
29201	43.00
28123	13.10
31157	62.60
13251	17.50
5129	41.80
5131	36.80
8115	38.10
12117	39.90
13253	14.50
5133	30.40
31159	58.50
29203	46.50
28125	8.10
5135	31.00
6089	50.00
1117	35.40
19165	58.00
17173	53.00
18145	55.20
21211	44.50
29205	42.60
30091	43.00
31161	61.50
31163	65.60
26155	57.80
16079	65.40
6091	55.80
35051	57.00
30093	43.10
21213	45.10
28127	13.50
19167	50.60
31165	42.90
6093	58.00
28129	16.80
35053	49.40
6095	42.30
24039	29.40
34035	38.40
6097	48.40
13255	20.60
18147	49.30
21215	51.20
29183	54.30
1115	28.60
17163	42.20
26147	58.20
29185	47.00
29187	53.00
12109	40.70
18141	52.80
26149	60.50
29510	44.30
12111	30.80
24037	39.50
6099	43.30
31167	64.80
17175	51.40
18149	54.80
29186	47.60
13257	37.50
17177	48.80
18151	53.30
13259	9.00
30095	49.20
29207	41.10
5137	41.90
29209	51.50
28131	20.50
32029	50.00
19169	59.50
33017	64.32
18153	57.90
29211	37.80
33019	70.28
8117	60.00
1119	11.30
12119	29.30
13261	17.00
28133	11.30
10005	36.40
34037	57.00
6101	43.60
12121	44.30
30097	53.00
18155	48.80
13263	12.20
24041	34.30
13265	12.80
1121	12.20
28135	10.80
1123	10.20
19171	47.10
29213	52.90
35055	56.80
28137	14.40
13267	22.50
12123	42.40
13269	11.40
19173	30.00
21217	44.80
17179	54.50
6103	49.60
13271	17.30
8119	62.20
13273	11.50
16081	77.80
30099	49.70
29215	51.20
31169	31.00
13275	21.00
31171	0.00
31173	52.90
13277	22.70
28139	22.40
18157	61.50
18159	58.10
28141	33.40
21219	53.50
9013	56.80
30101	43.50
13279	22.50
35057	50.10
13281	45.10
30103	53.80
13283	15.90
21221	48.30
21223	50.00
6105	60.80
13285	20.00
6107	39.90
28143	18.80
6109	47.20
13287	19.40
1125	21.80
26157	54.40
13289	12.50
16083	72.20
5139	33.00
12125	51.60
13291	41.00
19175	53.70
17181	54.20
18161	50.00
21225	49.30
28145	26.80
34039	31.10
35059	55.20
13293	18.30
35061	48.00
16085	73.10
30105	45.70
31175	38.60
5141	34.40
19177	53.30
26159	58.50
18163	54.30
6111	45.20
17183	47.20
18165	54.90
29217	50.50
18167	55.20
12127	37.10
17185	48.00
18169	54.40
12129	42.00
23027	0.00
1127	27.50
13295	45.50
28147	10.50
12131	44.90
13297	29.40
19179	44.70
13299	23.20
13301	9.40
19181	43.30
17187	50.00
18171	51.50
21227	49.90
29219	54.50
28149	14.90
34041	50.90
18173	54.00
1129	21.40
5143	47.90
8121	52.20
12133	42.90
13303	12.70
19183	46.20
16087	65.10
17189	57.70
18175	48.30
21229	45.50
24043	41.00
23029	66.70
29221	45.30
28151	12.00
31177	50.70
32031	54.00
26161	55.40
13305	24.70
19185	35.00
17191	54.10
18177	54.40
21231	39.40
26163	38.40
29223	38.80
28153	14.60
31179	47.30
13307	9.50
19187	45.00
21233	48.50
29225	54.80
28155	16.30
31181	33.30
8123	60.70
18179	51.10
26165	65.00
30107	46.80
13309	12.60
31183	50.00
32033	49.50
5145	27.90
13311	46.30
17193	46.00
18181	56.30
17195	51.40
13313	45.40
18183	56.40
21235	41.10
30109	26.70
24045	34.90
1131	10.40
13315	11.80
13317	16.50
13319	15.50
28157	5.10
17197	52.40
17199	55.30
9015	59.90
19189	57.50
17201	52.30
19191	56.00
1133	30.40
28159	12.10
21237	50.70
19193	53.30
17203	55.50
21239	47.70
5147	22.40
25027	48.30
24047	36.00
13321	19.30
19195	54.60
29227	53.50
19197	45.30
29229	48.40
28161	14.90
4025	44.70
28163	8.40
5149	34.80
30111	44.70
6113	47.60
23031	59.50
31185	67.00
6115	51.10
4027	31.50
8125	39.30
45001	17.00
51001	27.40
40001	55.80
39001	41.30
42001	50.90
53001	73.90
55001	51.80
50001	86.30
45003	29.30
37001	41.90
56001	75.80
51003	45.00
37003	44.80
40003	58.10
37005	44.80
51005	36.00
42003	44.10
39003	42.10
45005	8.40
51007	21.00
51009	34.10
45007	32.40
47001	43.40
48001	22.70
48003	33.00
48005	23.50
37007	26.20
51011	32.10
48007	35.10
48009	38.10
51013	32.80
42005	49.70
48011	80.00
37009	45.90
39005	49.50
55003	63.00
39007	43.90
53003	67.20
48013	25.30
39009	61.20
40005	55.40
39011	47.10
51015	51.40
46003	46.80
48015	24.60
37011	53.90
48017	24.60
41001	60.10
45009	10.50
48019	43.00
54001	51.60
45011	11.70
55005	53.20
48021	39.70
51017	36.60
55007	63.50
48023	32.00
46005	42.70
37013	34.90
45013	26.30
40007	52.20
42007	41.80
49001	0.00
40009	55.40
42009	48.80
47003	29.30
51019	42.90
48025	21.20
48027	29.00
39013	43.50
46007	56.20
50003	83.80
41003	61.20
47005	32.50
53005	78.30
45015	27.20
54003	49.20
42011	50.70
37015	25.40
48029	32.10
56003	50.00
37017	26.40
40011	51.80
42013	51.80
48031	45.30
51021	47.10
47007	32.80
47009	45.80
46009	46.70
54005	52.00
48033	20.00
48035	35.30
51023	43.60
48037	21.40
49003	75.50
42015	49.70
47011	43.70
54007	51.30
48039	28.80
48041	49.40
48043	48.10
48045	39.30
44001	52.10
54009	50.90
46011	48.50
48047	16.80
39015	39.80
46013	45.40
48049	38.90
55009	57.30
46015	54.60
37019	35.50
51025	10.10
40013	56.80
51027	28.30
51029	24.60
42017	43.10
46017	39.20
55011	57.80
37021	62.10
37023	45.40
48051	23.50
48053	39.30
55013	50.30
39017	46.00
42019	46.40
46019	63.00
37025	44.30
54011	46.10
49005	81.50
40015	53.00
37027	45.90
48055	32.70
45017	13.50
48057	28.00
54013	60.60
48059	53.30
55015	56.80
42021	50.10
37029	34.50
42023	54.00
48061	27.90
48063	21.20
46021	56.50
47013	30.70
51031	33.80
56005	66.70
40017	56.30
47015	32.00
42025	49.90
49007	61.50
56007	42.90
51033	25.00
39019	46.20
47017	28.80
51035	42.40
48065	37.50
40019	55.00
47019	51.00
37031	44.40
48067	24.80
48069	23.30
37033	31.10
37035	44.00
42027	54.60
48071	29.00
39021	46.60
51036	14.00
46023	48.60
45019	33.40
51037	20.20
37037	40.90
47021	42.20
53007	71.70
37039	43.70
40021	55.40
45021	21.40
48073	24.20
42029	44.00
45023	20.00
47023	28.80
45025	16.70
51041	33.50
48075	37.00
55017	55.70
50007	90.40
40023	56.40
37041	29.80
40025	54.00
41005	51.50
47025	35.40
53009	68.60
45027	8.60
42031	48.80
39023	40.50
46025	43.40
53011	78.30
55019	56.40
51043	47.70
41007	55.90
37043	38.50
46027	49.40
47027	27.00
48077	33.50
54015	51.00
42033	50.70
39025	50.00
37045	35.60
40027	59.30
39027	50.30
42035	49.70
40029	63.60
48079	37.50
47029	43.30
46029	43.80
47031	34.60
48081	48.10
48083	39.20
45029	16.40
48085	40.30
48087	39.30
48089	23.70
41009	58.10
42037	58.40
53013	76.90
55021	60.50
39029	45.80
37047	31.10
48091	39.00
40031	48.50
48093	33.80
48095	28.20
56009	60.00
48097	42.00
41011	56.10
46031	56.30
48099	35.80
39031	44.50
48101	39.10
40033	56.40
53015	77.00
40035	54.50
51045	48.00
48103	25.50
37049	35.70
39033	43.60
42039	50.00
55023	57.80
40037	50.90
47033	19.10
48105	34.00
41013	54.80
56011	50.00
48107	40.40
48109	27.90
51047	44.40
37051	31.00
42041	47.90
47035	39.10
51049	19.80
37053	43.50
41015	52.40
40039	57.10
46033	53.00
39035	36.30
49009	86.70
48111	33.30
48113	27.80
55025	62.60
37055	48.90
39037	43.40
45031	17.70
42043	42.40
37057	43.50
47037	33.80
37059	40.40
49011	82.40
46035	44.80
48115	26.00
46037	37.20
47041	30.90
48117	29.20
47039	26.80
39039	48.20
39041	41.80
40041	50.50
42045	39.80
48119	31.50
48121	48.50
41017	53.30
46039	40.70
40043	55.40
46041	65.40
48125	44.00
51051	38.60
47043	31.20
45033	15.20
48127	20.40
51053	16.10
54017	58.90
55027	57.90
48129	50.70
55029	53.60
45035	29.20
41019	55.80
46043	43.50
53017	73.30
55031	55.40
49013	69.00
55033	63.50
37061	29.20
37063	41.00
48131	17.50
47045	26.50
48133	39.70
55035	63.90
48135	33.00
37065	22.70
45037	16.70
46045	47.70
48137	37.00
48141	31.50
42047	52.80
40045	64.10
48139	29.20
49015	65.30
48143	44.90
39043	43.60
42049	47.30
51057	17.00
50009	86.60
51600	40.10
51059	36.40
39045	43.80
45039	11.80
46047	59.50
48145	17.00
48147	34.60
46049	47.60
51061	44.70
39047	40.90
42051	40.50
47047	15.20
48149	33.80
54019	52.30
47049	34.30
53019	78.30
48151	34.40
45041	21.40
55037	61.80
48153	26.40
51063	70.00
51065	41.80
48155	48.10
55039	57.10
42053	45.90
55041	51.10
37067	39.80
48157	24.90
51620	11.00
37069	34.30
39049	44.40
42055	47.00
47051	33.00
48159	30.30
51067	36.60
50011	91.50
53021	79.90
51069	48.80
48161	20.60
56013	50.00
48163	22.90
39051	50.30
42057	48.70
48165	36.20
39053	48.80
48167	30.60
40047	52.20
49017	73.70
53023	60.00
40049	54.10
48169	35.50
37071	40.30
37073	29.30
39055	45.50
45043	21.20
47053	21.20
47055	25.20
51071	43.50
48171	27.80
41021	49.80
54021	53.00
48173	50.00
51073	40.50
48175	25.80
48177	25.30
51075	28.20
56015	40.00
40051	56.20
37075	40.70
47057	35.40
50013	85.70
49019	79.60
40053	57.10
41023	64.10
46051	44.20
53025	78.90
55043	59.30
54023	46.40
37077	34.00
48179	41.70
53027	72.40
48181	45.90
51077	50.00
55047	56.60
55045	60.90
54025	52.90
37079	29.40
39057	50.00
42059	45.00
47059	44.20
51079	50.80
51081	11.90
45045	35.50
45047	21.20
40055	55.80
48183	20.70
46053	47.80
48185	25.20
47061	29.70
48187	34.80
39059	45.20
37081	41.70
46055	69.70
48189	34.00
37083	24.80
51083	18.60
48191	28.60
47063	40.50
39061	40.20
47065	34.70
48193	40.20
46057	40.80
54027	50.50
45049	11.00
39063	54.20
47067	44.30
54029	54.10
46059	48.30
51085	39.70
48195	33.30
46061	46.10
47069	11.50
48197	48.90
39065	45.70
47071	27.40
48199	37.90
46063	74.10
54031	46.10
40057	50.90
37085	36.80
41025	59.90
40059	57.90
48201	28.50
39067	43.80
48203	20.40
54033	49.10
48205	36.50
40061	51.90
48207	34.30
47073	38.00
48209	51.80
37087	46.00
47075	10.60
48211	34.80
37089	50.10
47077	29.70
48213	26.90
51087	29.70
39069	48.70
47079	30.00
51089	26.70
37091	22.20
47081	36.20
48215	27.30
39071	43.10
51091	50.60
48217	28.60
39073	46.00
48219	36.90
37093	31.10
39075	48.50
41027	60.70
48221	35.60
48223	31.70
45051	32.40
56017	50.00
47083	29.60
48225	17.40
48227	34.70
48229	35.50
40063	53.70
46065	48.10
47085	30.50
48231	38.60
42061	55.30
39077	47.70
46067	45.30
48233	38.00
37095	40.50
46069	39.40
42063	47.30
55049	59.40
37097	43.20
48235	32.60
49021	81.50
55051	54.60
53029	69.10
51093	25.80
48237	32.90
37099	57.00
39079	40.10
40065	49.80
41029	56.30
46071	53.90
47087	31.50
48239	24.90
55053	58.40
54035	49.90
51095	34.30
45053	13.80
48241	21.90
48243	46.80
39081	42.30
40067	51.70
41031	52.00
42065	53.50
47089	43.60
48245	20.60
53031	70.70
55055	61.10
54037	50.10
46073	40.40
48247	18.80
48249	21.90
47091	46.90
48251	40.30
56019	50.00
37101	40.50
40069	57.80
37103	32.00
46075	60.80
48253	34.40
41033	56.70
49023	77.50
55057	57.30
42067	52.30
54039	48.00
49025	78.20
48255	35.00
48257	29.60
40071	53.50
48259	43.00
48261	30.20
55059	57.20
48263	46.70
48265	40.60
45055	22.40
55061	52.40
48267	52.30
51099	39.70
51101	26.90
51097	20.80
48269	33.30
53033	67.30
40073	58.50
46077	44.90
48271	30.80
40075	54.00
53035	72.50
53037	77.40
41035	55.40
48273	25.60
53039	83.30
39083	50.60
47093	47.90
48275	17.90
55063	62.80
48283	19.60
42069	42.50
55065	52.90
39085	44.90
41037	59.60
46079	48.50
47095	19.70
48277	29.10
48279	26.90
48281	38.00
42071	51.50
45057	26.60
51103	24.80
41039	61.00
55067	54.20
56021	49.00
40077	53.30
47097	15.50
45059	21.20
39087	41.60
42073	39.90
46081	57.20
47099	35.90
42075	49.30
37105	38.10
45061	11.40
48287	32.10
51105	34.20
42077	47.00
37107	26.40
48289	22.90
47101	48.30
53041	81.40
54041	54.90
45063	38.60
48291	26.00
39089	45.90
48293	19.30
37109	41.80
40081	53.80
41041	53.70
46083	44.50
47103	30.30
53043	71.00
55069	58.30
54043	47.20
56023	50.00
41043	58.10
48295	32.40
48297	24.00
48299	33.60
39091	48.90
40083	52.70
54045	50.50
39093	42.90
47105	37.60
51107	40.70
51109	34.10
40085	51.10
48301	41.70
48303	40.90
39095	42.70
51111	16.00
42079	46.90
42081	54.50
46085	50.00
48305	41.70
37113	44.20
47111	32.10
37115	58.70
39097	42.80
47113	18.50
48313	22.90
51113	40.70
39099	39.70
40093	53.20
41045	52.00
55071	56.10
55073	58.90
55075	50.80
39101	42.00
41047	53.00
45067	14.00
47115	33.20
48315	22.20
54049	52.40
45069	10.50
55077	56.70
40095	56.00
46091	37.10
47117	30.90
54051	56.00
37117	27.40
48317	27.90
48319	35.20
53045	73.60
54053	51.60
48321	23.40
51115	35.80
47119	35.10
48323	24.20
40097	51.70
40087	57.10
46087	38.20
45065	14.20
48307	30.70
40089	52.30
37111	49.00
54047	55.50
40091	49.60
42083	52.70
48309	31.90
47107	36.60
48311	20.00
47109	23.70
46089	49.50
46093	56.80
37119	38.30
51117	19.10
39103	46.30
48325	28.40
39105	47.20
47121	30.30
46095	60.30
48327	39.00
55078	63.30
39107	44.40
42085	41.50
54055	51.40
39109	45.60
51119	34.50
48329	34.60
42087	49.90
48331	29.60
49027	44.00
48333	43.60
55079	48.00
46097	43.50
54057	49.30
54059	48.30
46099	46.80
37121	57.90
48335	21.10
54061	57.60
39111	45.90
42089	45.90
47123	30.80
55081	60.60
54063	49.80
48337	43.30
37123	35.50
39113	40.10
42091	40.70
47125	33.20
48339	39.80
51121	59.00
42093	50.30
46101	44.10
37125	37.00
47127	29.00
48341	32.50
39115	42.70
47129	37.10
49029	69.30
54065	55.10
48343	22.90
39117	46.30
41049	53.20
48345	31.60
41051	57.00
40099	54.60
39119	42.40
40101	46.60
48347	33.80
37127	28.20
56025	47.40
48349	25.30
51125	43.10
37129	48.60
51127	31.40
45071	17.90
44005	56.30
48351	40.40
54067	52.90
56027	100.00
39121	41.70
40103	54.80
48353	29.60
37131	22.90
42095	47.80
51131	27.00
42097	50.00
51133	24.30
51135	21.10
40105	49.90
48355	27.80
47131	29.70
48357	43.90
45073	39.60
55083	51.30
54069	53.00
53047	87.00
40107	52.30
40109	47.40
40111	46.10
48359	25.00
55085	60.20
37133	38.20
37135	49.90
48361	30.00
51137	39.40
50017	93.70
45075	11.00
40113	46.20
39123	43.40
40115	50.10
55087	60.10
47133	31.90
55089	51.00
53049	81.10
51139	46.00
48363	37.90
37137	38.90
48365	18.60
56029	61.50
48367	44.60
48369	23.00
37139	29.80
51141	50.30
39125	41.70
40117	51.10
40119	56.70
48371	33.20
53051	77.80
37141	36.80
54071	48.60
46103	54.10
55091	56.10
46105	68.40
37143	34.80
39127	41.40
42099	56.20
47135	32.60
37145	37.10
42101	37.00
39129	43.20
45077	44.10
47137	22.60
53053	73.30
55093	57.20
39131	40.30
42103	48.10
37147	36.30
40121	55.80
51143	24.30
49031	0.00
56031	66.70
54073	55.20
54075	54.80
37149	48.70
41053	54.50
47139	35.20
48373	26.70
55095	52.70
40123	59.80
39133	50.20
55097	64.70
40125	55.50
42105	56.90
46107	47.80
48375	41.40
51145	35.30
39135	46.40
48377	33.10
54077	56.20
55099	61.60
51147	23.30
51149	22.10
51153	35.50
44007	51.50
51155	41.00
40127	56.10
39137	52.30
47141	45.90
54079	51.30
55101	50.80
48379	33.10
54081	52.40
48381	47.60
37151	45.80
54083	52.30
51157	49.50
48383	36.80
48385	44.20
48387	18.20
48389	29.70
48391	29.60
47143	37.90
49033	0.00
39139	43.30
45079	23.80
55103	58.20
51760	39.10
37153	31.00
51159	19.20
54085	58.00
47145	37.90
54087	52.90
51770	40.70
51161	45.10
46109	50.30
48393	40.00
47147	29.50
48395	23.00
37155	31.40
55105	60.50
51163	42.80
37157	36.50
51165	52.60
36087	39.50
48397	35.90
40129	58.00
40131	52.90
39141	41.40
37159	41.60
48399	39.60
48401	19.40
55107	56.90
51167	38.80
37161	44.50
47149	41.70
50021	84.10
48403	28.40
49035	78.80
45081	15.70
37163	26.90
48405	14.10
48407	24.80
49037	64.80
53055	76.00
48409	23.60
48411	31.40
46111	40.50
39143	45.70
49039	84.90
36091	55.80
55111	61.20
55113	62.60
36093	52.80
48413	26.70
36095	63.60
36097	62.50
42107	47.40
39145	44.60
37165	26.90
47151	38.50
51169	42.90
48415	34.00
40133	50.10
36099	52.80
39147	49.20
47153	42.30
40135	49.60
47155	48.60
49041	71.40
48417	46.70
55115	58.20
55117	54.00
39149	45.20
47157	19.30
48419	20.20
51171	48.90
56033	50.00
41055	54.70
48421	25.80
53057	73.50
53059	90.20
47159	27.30
48423	25.40
51173	40.20
53061	76.10
42109	48.40
42111	49.60
48425	48.50
51175	15.10
45083	29.30
46115	41.50
53063	78.10
51177	38.90
55109	53.30
51179	38.80
46117	51.80
37167	41.40
39151	42.60
48427	18.30
40137	56.10
48429	43.20
48431	40.00
36101	57.90
53065	80.80
47161	30.60
37169	44.00
48433	35.30
56035	75.00
36103	45.30
36105	56.10
42113	47.60
47163	43.90
46119	58.00
54089	51.00
39153	42.90
49043	68.30
47165	34.40
45085	12.70
37171	44.00
51181	17.50
42115	48.20
51183	9.30
48435	25.60
37173	51.20
56037	54.50
48437	33.50
48439	34.20
48441	43.40
55119	59.60
54091	51.80
51185	40.20
48443	41.60
48445	34.70
56039	60.00
40139	46.70
48447	38.10
53067	77.80
41057	53.80
40141	53.70
36107	59.70
42117	55.30
47167	28.10
48449	25.80
46121	56.20
48451	41.80
36109	62.30
49045	80.00
37175	49.90
48453	51.40
55121	54.80
48455	25.20
46123	51.90
47169	25.50
39155	44.40
54093	60.80
40143	49.60
46125	43.40
39157	46.30
48457	22.80
54095	60.00
37177	36.50
56041	55.60
49047	76.30
36111	62.60
41059	53.30
47171	51.30
37179	40.60
39159	48.30
41061	59.10
42119	49.30
45087	16.40
46127	44.60
47173	37.30
48459	26.60
54097	52.90
48461	27.60
49049	85.30
48463	27.70
48465	28.40
47175	26.80
39161	45.40
48467	33.50
37181	28.00
42121	49.70
55123	64.10
48469	32.70
55125	60.10
39163	47.70
40145	49.10
53069	89.50
37183	44.80
48471	37.40
53071	70.80
48473	30.80
41063	59.90
46129	48.90
55127	61.70
48475	29.90
37185	24.50
36113	61.70
39165	46.30
42123	46.40
47177	32.70
51187	51.40
49051	76.40
41065	58.80
56043	33.30
55129	56.80
37187	27.00
36115	64.10
39167	47.60
40147	51.60
41067	53.50
42125	40.90
47179	53.10
48477	25.70
49053	69.50
51191	45.00
50023	82.00
55131	54.40
40149	60.10
37189	68.50
55133	51.40
55135	59.70
55137	55.70
37191	29.50
36117	55.50
39169	48.00
42127	51.70
47181	34.20
49055	69.30
54099	45.90
47183	33.20
48479	23.90
49057	82.80
54101	54.00
36119	32.60
42129	44.00
51193	25.00
56045	50.00
54103	56.50
48481	18.20
53073	80.50
41069	64.20
48483	37.10
47185	35.30
53075	79.60
48485	43.50
48487	33.90
37193	42.60
48489	22.20
39171	52.60
45089	10.70
47187	39.00
48491	46.70
37195	29.40
47189	34.80
48493	26.80
50025	88.00
50027	86.50
48495	25.60
55139	61.20
54105	56.00
48497	41.80
51195	51.10
39173	53.70
48499	29.60
55141	60.20
54107	53.20
40151	56.50
40153	62.40
39175	48.60
36121	60.50
42131	50.30
54109	52.00
51197	44.20
37197	45.20
53077	75.70
41071	54.80
37199	49.50
46135	45.10
36123	54.80
48501	47.60
42133	48.20
45091	36.10
51199	38.10
48503	38.80
48505	23.60
48507	18.10
46137	58.90
